[
  {
    "key": "Tennis|Greece - ATP Athens|Alexandre Muller|Jan-Lennard Struff",
    "timestamp": "2025-12-06T15:47:22.256167",
    "sport": "Tennis",
    "tournament": "Greece - ATP Athens",
    "home_team": "Alexandre Muller",
    "away_team": "Jan-Lennard Struff",
    "suggested_league": null
  },
  {
    "key": "Tennis|France - ATP Metz|Kyrian Jacquet|Luca Van Assche",
    "timestamp": "2025-12-06T22:40:39.767160",
    "sport": "Tennis",
    "tournament": "France - ATP Metz",
    "home_team": "Kyrian Jacquet",
    "away_team": "Luca Van Assche",
    "suggested_league": null
  }
]